# NAAIM Exposure Index: weekly survey of active managers' US equity exposure (-200% to +200%), by survey date.
# Source: National Association of Active Investment Managers (naaim.org): USE_Data-since-Inception_2026-07-29.xlsx,
# the last free full-history file before subscription access began on 2026-08-01. The index is the survey mean
# (the file's Mean/Average column, which NAAIM's own table shows as the NAAIM Number). Personal use.
week,naaim,bearish,quartile1,median,quartile3,bullish,deviation
2006-07-05,19.44,-100,0,20,50,100,55.55
2006-07-12,31.2,-50,0,25,50,150,47.84
2006-07-19,18.76,-100,0,25,50,100,38.17
2006-07-26,17.38,-50,0,15,50,100,33.78
2006-08-02,44.23,-50,21.25,50,53.75,175,43.69
2006-08-09,45.02,-100,31.25,50,58.75,150,47.48
2006-08-16,38.6,-100,0,50,75,150,56.52
2006-08-23,42.1,-60,0,50,75,100,45.17
2006-08-30,42.1,-60,0,50,75,100,45.17
2006-09-06,49.38,-70,50,60,90,100,50.37
2006-09-13,45.8,-100,15,50,85,150,56.23
2006-09-20,78,20,50,82.5,100,150,31.26
2006-09-27,49.9,-125,45,50,90,123,55.81
2006-10-04,69.7,-100,50,88,100,175,59.4
2006-10-11,60.09,-125,50,82.5,100,120,59.83
2006-10-18,84.41,-20,77.5,95,100,150,33.22
2006-10-25,80.16,-100,70,90,100,200,53.12
2006-11-01,80.96,-100,68.75,90,100,200,53.86
2006-11-08,73.96,-50,53,90,100,150,46.65
2006-11-15,68.1,-150,56,89,100,150,61.3
2006-11-22,92.43,50,80,100,100,150,20.82
2006-11-29,86.67,-25,72.5,100,100,150,38.41
2006-12-06,74.73,-150,75.75,100,100,125,58.03
2006-12-13,93,50,85,100,100,125,19.42
2006-12-20,92.91,50,83.5,100,100,150,22.35
2006-12-27,85.17,-30,79,100,100,150,35.21
2007-01-03,100.05,50,85,100,108,200,32.24
2007-01-10,58.88,-150,50,81.5,100,125,65.21
2007-01-17,84.89,0,68,100,100,112,27.9
2007-01-24,72.59,-50,52.5,85,100,125,42.72
2007-01-31,80.75,-50,62.5,87.5,100,200,49.38
2007-02-07,82,-50,62.5,90,100,200,45.93
2007-02-14,79.09,-100,67.5,92.5,100,200,55.65
2007-02-21,73.68,-150,61.5,90,100,118,52.76
2007-02-28,89.33,-100,85,100,100,200,53.73
2007-03-07,52.4,-75,30,50,90,150,48.6
2007-03-14,38.05,-150,24,45,90,100,68.64
2007-03-21,47.7,-100,21.5,40,85,200,54.91
2007-03-28,44.54,-120,16,47.5,82.5,200,61.63
2007-04-04,45.65,-125,21,57.5,87.5,200,64.54
2007-04-11,59.32,-125,50,66,90,200,57.83
2007-04-18,54.14,-200,38,80,100,112,69.28
2007-04-25,75.42,-125,80,90,100,200,59
2007-05-02,82.67,-125,63.75,92,100,200,59.06
2007-05-09,73.83,-125,67.5,97.5,100,117,55.06
2007-05-16,87.38,-125,87.75,100,100,200,51.82
2007-05-23,82.5,-125,80.25,90,100,200,53.98
2007-05-30,80.55,-50,65,90,100,200,48.79
2007-06-06,57.63,-125,27,80,97.5,200,62.81
2007-06-13,53.04,-125,0,75,100,150,65.54
2007-06-20,61.47,-125,40,85,100,200,67.95
2007-06-27,74.23,-50,45,77,100,200,55.83
2007-07-05,56.06,-125,38.75,77.5,91.25,200,60.18
2007-07-11,62.39,-100,50,75,90,200,51.35
2007-07-18,74.13,0,50,80,94.5,200,45.89
2007-07-25,40.58,-125,0,50,85,200,63.77
2007-08-01,39,-125,0,36,52.5,200,59.66
2007-08-08,43.82,-50,0,31,70,200,65.1
2007-08-15,21.25,-100,0,5,33.75,200,57.03
2007-08-22,38.19,-15,0,22.5,50,200,52.7
2007-08-29,-2.11,-200,-3.75,5,41.25,100,72.57
2007-09-05,39.62,-50,7.5,40,77.5,100,45.02
2007-09-12,46.55,-125,0,40,85,200,69.6
2007-09-19,63.5,0,50,57.5,87.5,200,42.41
2007-09-26,77.36,0,60,75,93.75,200,38.19
2007-10-03,75.49,-125,65,90,100,200,61.37
2007-10-10,66.43,-125,52.5,90,100,130,56.23
2007-10-17,86.46,-50,75,92.5,100,200,49.21
2007-10-24,69.14,-200,50,90,100,200,65.85
2007-10-31,65.69,-200,38.75,90,100,200,75.07
2007-11-07,84.44,-20,50,80,100,200,52.53
2007-11-14,68.35,0,44,65,98.25,200,40.68
2007-11-21,51.04,-70,18.75,46,66.25,200,60.49
2007-11-28,51.07,-200,25,57.5,92.5,200,68.93
2007-12-05,69.43,-90,40,72.5,90,200,60.54
2007-12-12,73.57,-200,50,87.5,100,200,69.02
2007-12-19,56.27,-200,22.5,52.5,97.5,200,71.47
2007-12-26,74.79,-50,47.5,80,100,200,50.5
2008-01-02,83.55,0,50,70,100,200,55.23
2008-01-09,41.45,-200,0,50,85,200,75.14
2008-01-16,12.92,-200,0,20,50,100,58.39
2008-01-23,39.91,-200,0,33.5,75,200,74.04
2008-01-30,25.63,-160,0,10,55,200,62.16
2008-02-06,30.89,-200,0,22.5,56.25,200,70.45
2008-02-13,15.33,-200,0,20,57.5,200,74.68
2008-02-20,33.67,-80,0,22.5,65,200,57.33
2008-02-27,13.96,-200,7.5,20,67.5,115,82.93
2008-03-05,38.34,-100,0,35,52.5,200,56.33
2008-03-12,45.28,-30,0,20,50,200,63.15
2008-03-19,44,0,10,37.5,66.25,200,44.17
2008-03-26,26.69,-200,0,34,50,200,69.09
2008-04-02,42.07,-180,10,35,81.25,200,72.95
2008-04-09,46.92,-125,30,50,80,200,69.47
2008-04-16,49.86,-200,25,50,80,200,56.32
2008-04-23,59.27,0,25,50,89.5,200,41.97
2008-05-01,74.47,0,50,65,90,200,44.96
2008-05-07,66.04,-15,50,80,97.5,125,37.8
2008-05-14,56.41,-200,25,70,100,200,68.46
2008-05-21,68.72,-125,35,75,100,200,65.7
2008-05-28,69.48,-125,40,70,100,200,66.21
2008-06-04,58.15,-125,30,50,100,200,65.79
2008-06-11,36.46,-200,0,30,85,200,78.83
2008-06-18,44.22,-160,7.5,40,86.25,200,65.08
2008-06-25,32,-50,0,25,63.5,200,55.26
2008-07-02,28.03,-50,0,24.5,52.5,200,52.72
2008-07-09,2.03,-200,-40,0,45,200,75.85
2008-07-16,10.22,-200,0,5,50,100,51.28
2008-07-23,13.81,-200,0,20,50,100,57.91
2008-07-30,12.56,-200,0,20,50,100,61.75
2008-08-06,18.3,-200,0,20,50,100,52.66
2008-08-13,33.27,-50,0,20,50,200,53.12
2008-08-21,39.76,-50,3.25,29,56,200,50.1
2008-08-27,30.03,-50,0,20,50,200,50.18
2008-09-03,29.92,-200,0,30,50,200,65.07
2008-09-10,28.32,-50,0,19.25,50,200,44.25
2008-09-17,16.09,-125,0,10,30,200,47.42
2008-09-24,19.11,-125,0,10.5,26.25,200,46.36
2008-10-01,16.27,-100,0,0,33,100,33.41
2008-10-08,-2.97,-200,0,0,16.25,50,51.28
2008-10-15,18,-80,0,5,33.5,200,40.55
2008-10-22,8.37,-200,0,2.5,32.25,100,44.13
2008-10-29,10,-200,0,2.5,40,125,53.88
2008-11-05,9.62,-200,0,2.5,38.75,100,49.89
2008-11-12,15.06,-80,0,5,30,200,44.41
2008-11-19,11.71,-100,0,0,20,200,43.98
2008-11-26,9.67,-200,0,0,25,200,57.85
2008-12-03,9.65,-80,0,0,25,200,45.36
2008-12-10,3.68,-200,0,0,22.5,100,49.21
2008-12-17,14.43,-200,0,10,50,140,53.49
2008-12-24,24.41,-200,0,10,50,170,55.29
2008-12-31,22.06,-200,0,16,51.25,155,55.14
2009-01-07,29.09,-200,5,40,50,100,51.01
2009-01-14,26.51,-200,0,33,50,200,64.58
2009-01-21,19.67,-200,0,32,50,100,51.04
2009-01-28,20.22,-200,0,25,50,100,49.01
2009-02-04,17.8,-100,0,20,39,100,33.09
2009-02-11,24.14,-50,0,10,45.5,200,42.69
2009-02-18,25.97,-40,0,15,45,200,49.84
2009-02-25,13.35,-200,0,15,37.25,100,46.38
2009-03-04,2.15,-200,0,0,22.5,100,48.8
2009-03-11,4.23,-200,0,5,17.5,100,51
2009-03-18,9.97,-200,0,15,36.25,100,50.63
2009-03-25,47.75,-50,15.75,50,60,200,49.16
2009-04-01,18.85,-200,0,25,50,125,67.93
2009-04-08,35.3,-200,5,38,50,200,59.14
2009-04-15,41.61,-100,10.75,45,55.5,200,48.42
2009-04-22,22.67,-200,0,29,50,120,65.51
2009-04-29,35.76,-200,0,47,75,200,67.77
2009-05-06,33.19,-200,5,40,57.5,200,67.14
2009-05-13,56.82,-25,20,50,75,200,50.71
2009-05-20,50.41,-50,15,50,80,200,45.67
2009-05-27,40.34,-200,18,50,75,150,56.58
2009-06-03,51.46,-200,30,53,85,200,65.16
2009-06-10,64.81,0,33.75,65,88.75,200,44.47
2009-06-17,49.92,-50,10.5,50,65,200,52.63
2009-06-24,27.97,-200,0,38.5,65,200,66.26
2009-07-01,35.67,-75,0,30,65,200,54.89
2009-07-08,21.65,-200,0,20,60,200,64.16
2009-07-15,22.61,-150,0,16,55,120,52.81
2009-07-22,37.38,-200,0,45,73,140,57.65
2009-07-29,37.41,-200,20,47.5,68.75,150,61.37
2009-08-05,69,0,40,67.5,98.5,200,44.58
2009-08-12,51.56,-50,19.25,50,72.5,200,54.17
2009-08-19,31.22,-200,0,40,70,200,76.39
2009-08-26,55.21,-200,35,50,80,200,71.14
2009-09-02,54.71,-200,25,50,95,200,81.41
2009-09-09,63.06,-200,40,70,100,200,63.36
2009-09-16,68,-200,50,75,97.5,200,63.59
2009-09-23,80.64,-50,50,77.5,100,200,53.32
2009-09-30,86.41,20,50,77.5,98.75,200,49.48
2009-10-07,67.86,-200,50,75,100,200,71.4
2009-10-14,74.38,-200,50,80,100,200,61.73
2009-10-21,77.83,-80,50,85,100,200,52.23
2009-10-28,74.68,-50,40,80,100,200,64.6
2009-11-04,64.94,-50,23.75,71.5,100,200,61.13
2009-11-11,69.21,-100,50,65,100,200,53.91
2009-11-18,65.56,0,22.25,77.5,96.25,150,44.76
2009-11-25,67.07,-100,35,68,100,200,56.69
2009-12-02,82.19,10,50,77.5,100,200,49.33
2009-12-09,68.74,-50,36,65,100,200,56.95
2009-12-16,75.57,-50,40,82,100,200,53.68
2009-12-23,61.08,-200,35,72.5,100,160,65.36
2009-12-30,74.56,-50,38.5,75,100,200,53.7
2010-01-06,70.65,-125,50,80,100,200,54.77
2010-01-13,72.97,-125,45,85,100,200,57.83
2010-01-20,63.83,-200,47.5,76.5,100,200,79.25
2010-01-27,61.91,-125,30,70,90,200,66.11
2010-02-03,33.18,-200,7.5,47,79,160,68.48
2010-02-10,21.76,-200,0,30,58.75,160,68.82
2010-02-17,36.51,-200,22.5,50,70,140,59.03
2010-02-24,44.55,-125,18,50,80,200,61
2010-03-03,54.89,-125,30,50,82.5,200,61.02
2010-03-10,51.19,-200,35,70,100,150,68.95
2010-03-17,77.3,-100,50,95,100,200,55.5
2010-03-24,76.45,-125,50,80,100,200,57.76
2010-03-31,83.26,0,50.5,95,100,200,46.37
2010-04-07,85.91,-50,51,95,107.5,200,50.04
2010-04-14,77.22,-100,52.25,90,100,150,45.15
2010-04-21,81.64,0,50,80,100,200,42.33
2010-04-28,83.91,0,51,80,100,200,46.03
2010-05-05,67.89,-125,40,71,100,200,73.78
2010-05-12,42.39,-200,20.75,52.5,85,160,67.42
2010-05-19,40.38,-125,6,35,72.5,200,65.24
2010-05-26,40.67,-50,15,27.5,53.75,200,45.44
2010-06-02,27.05,-200,13.75,27.5,50,110,55.84
2010-06-09,34.76,-125,8.5,30,61.25,200,50.57
2010-06-16,30.42,-200,13.25,37.5,65.25,130,60.17
2010-06-23,54.24,-125,25,50,85,200,59.38
2010-06-30,36.05,-125,10,40,50,200,51.88
2010-07-07,13.47,-200,0,25,50,100,60.79
2010-07-14,49.85,-125,21.5,50,80,200,52.38
2010-07-21,45.33,-125,17,40,65,200,55.5
2010-07-28,50.21,-125,22,40,96,200,63.65
2010-08-04,59.11,-125,28.75,60,100,200,58.52
2010-08-11,54.68,-125,30,60,90,200,70.17
2010-08-18,56.08,-125,42.75,50,78.75,155,53.95
2010-08-25,43.94,-60,20,50,66.25,200,55.91
2010-09-01,52.78,-125,20,50,80,200,62.56
2010-09-08,48.26,-200,24,50,78.75,180,72.42
2010-09-15,42.3,-200,22,50,85,155,73.39
2010-09-22,55.29,-150,36.25,55,87.25,200,74.43
2010-09-29,68.26,-125,42.5,66,95,200,65.97
2010-10-06,76.42,-125,50,77.5,100,200,59.69
2010-10-13,67.14,-125,50,80,100,170,55.01
2010-10-20,72.17,-125,50,80,100,175,54.04
2010-10-27,57.66,-200,50,75,96.25,175,74.05
2010-11-03,69.47,-125,42.5,77.5,100,200,57.6
2010-11-11,71.46,-200,65,97,100,200,73.63
2010-11-17,66.59,-125,50,80,100,200,64.71
2010-11-24,66.67,-200,50,85,100,200,68.73
2010-12-01,62.47,-200,50,81.5,100,200,71.4
2010-12-08,63.11,-125,50,82.5,100,145,56.85
2010-12-15,74.74,-125,72.5,90,100,150,48.88
2010-12-22,81.83,-40,70,92.5,100,130,30.94
2010-12-29,80.21,20,55,85,100,150,25.87
2011-01-05,78.51,-50,55,90,100,140,36
2011-01-12,76.88,0,50,85.5,100,150,34.52
2011-01-19,70.83,-100,50,85,100,150,48.2
2011-01-26,76.18,-50,56.25,95,100,150,44.56
2011-02-02,82.12,0,62.5,91.5,100,160,37.3
2011-02-09,86.28,0,70,96.5,100,165,36.24
2011-02-16,83.73,-50,70,97,100,160,39.53
2011-02-23,68.12,-100,48.75,79,100,160,53.94
2011-03-02,70.92,-100,50,75,100,160,43.94
2011-03-09,75.34,-10,58.5,77.5,95,165,34.89
2011-03-16,41,-200,21.25,50,80,160,64.32
2011-03-23,50.83,-100,18.75,50,83.75,160,54.67
2011-03-30,70.92,0,50,72,95,160,33.44
2011-04-06,80.79,0,59,80,100,200,39.17
2011-04-13,80.63,0,60,78,100,200,38.73
2011-04-20,82.95,0,62.25,82.5,100,200,41.72
2011-04-27,81.9,0,50,82.5,100,200,43.74
2011-05-04,76.13,-50,55,75,100,175,47.87
2011-05-11,74.66,-125,50,85,100,200,51.78
2011-05-18,68.41,-100,45,80,100,200,57.02
2011-05-25,58.93,-125,45,60,85,200,56.87
2011-06-01,52.86,-100,40,60,77.5,170,47.06
2011-06-08,42.79,-125,27.25,50,72.5,167,58.56
2011-06-15,25.95,-125,0,25,50,155,54.88
2011-06-22,29.27,-125,0,28.5,54.75,117,48.13
2011-06-29,31.98,-140,0,35,60,150,54
2011-07-06,50.39,-170,32,55,84,150,57.9
2011-07-13,53.93,-125,40,55,95,150,53.48
2011-07-20,66.31,-125,47.5,66,95.5,200,49.79
2011-07-27,62.7,-55,40,50,89.5,200,42.65
2011-08-03,32.87,-125,0,42,60,150,50.44
2011-08-10,21.4,-125,0,14.5,50,100,42.05
2011-08-17,28.78,-125,0,20,50,200,47.52
2011-08-24,20.17,-125,0,15,45,100,40.4
2011-08-31,22.19,-140,0,15,50,100,44.78
2011-09-07,25.31,-125,0,15,50,120,46.85
2011-09-14,26.78,-125,0,10,50,200,50.57
2011-09-21,27.9,-125,0,11,50,190,51
2011-09-28,4.17,-125,0,0,26.25,90,38.97
2011-10-05,-3.56,-200,0,0,16,130,54.52
2011-10-12,0,-200,-3.75,12.5,34.25,70,58.88
2011-10-19,21.32,-125,0,23.5,47.75,100,40.92
2011-10-26,38.12,-125,25,50,66.5,100,45.23
2011-11-02,45.42,-125,18.75,50,85,150,55.32
2011-11-09,44.05,-125,8,52,80,130,55.69
2011-11-16,54,-125,30,60,85,150,52
2011-11-23,34.77,-125,8.34,34.5,50,150,45.87
2011-11-30,30.02,-125,0,34,50,130,42.22
2011-12-07,34.8,-125,11.25,40,58.75,100,43.66
2011-12-14,35.69,-125,19.5,38.5,50,175,48.2
2011-12-21,36.62,-125,23.66,42.5,50,110,39.52
2011-12-28,43.56,-50,30,45,54,100,28.56
2012-01-04,43.14,-125,28.75,47.5,60.5,140,41.4
2012-01-11,49.34,-125,35,50,84,100,47.07
2012-01-18,52.5,-100,30.75,60,90.5,125,49.05
2012-01-25,56.33,-125,40,65,100,125,53.51
2012-02-01,67.52,-75,50,75,100,125,39.38
2012-02-08,72.66,-40,50,72,100,150,36.82
2012-02-15,73,-35,50,75,100,175,36.23
2012-02-22,76.28,-60,50,87.5,100,150,37.17
2012-02-29,73.78,-50,60,77,100,155,36.76
2012-03-07,57.37,-200,40,53.5,96,150,56.66
2012-03-14,71.79,-125,50,80,100,175,47.8
2012-03-21,68.64,-125,55,75,99,155,47.06
2012-03-28,71.97,-29,50,75,100,150,40.6
2012-04-04,69.82,-50,50,70,100,150,38.55
2012-04-11,51.93,-125,31.25,50,92.25,150,53.21
2012-04-18,46.14,-125,33.75,50,77.5,175,56.9
2012-04-25,48.31,-125,25,50,82.5,150,56.77
2012-05-02,63.68,-125,43.75,67.5,95,175,50.54
2012-05-09,64.21,-125,40,50,94.75,200,54.14
2012-05-16,58.71,0,36.5,50,87,200,41.36
2012-05-23,31.78,-125,13,40,50,135,45.5
2012-05-30,28.65,-125,0,36.5,57.1,110,46.73
2012-06-06,49.32,0,25,50,60,140,34.96
2012-06-13,43.63,-10,22.5,40,62.16,125,29.53
2012-06-20,52.33,-125,32.5,53,70,200,45.66
2012-06-27,44.84,-125,30,50,64.5,200,48.14
2012-07-05,63.28,-125,46,60,83.5,180,49.21
2012-07-11,61.85,-125,37.1,60,89.75,200,53.62
2012-07-18,67.74,-125,47.5,70,92.5,200,52.76
2012-07-25,74.39,0,33,65,100,200,50.01
2012-08-01,67.8,-125,40,70,95,200,53.94
2012-08-08,70.75,-30,45,80,97,163,39.42
2012-08-15,76.26,-75,53.75,85,100,175,42.6
2012-08-22,69.21,-125,40,80,100,200,59.57
2012-08-29,82.89,-10,60,80,100,200,40.67
2012-09-05,77.43,-125,55,80,100,200,50.15
2012-09-12,72.99,-125,60,76,100,170,50.12
2012-09-19,81.19,-125,70,95,102.5,175,52.94
2012-09-26,69.75,-125,48,80,100,175,56.02
2012-10-03,76.03,-125,50.75,95,100,200,57.27
2012-10-10,64.59,-125,30,80,100,175,66.48
2012-10-17,65.38,-160,48.75,85.5,100,170,71.78
2012-10-24,64.39,-125,50,70,95,170,59.78
2012-10-31,75.11,-125,50,85,100,200,59.22
2012-11-07,57.95,-125,40,65,90,170,57.54
2012-11-14,67.22,-125,23.75,77.5,99.65,170,64.79
2012-11-21,64.2,-25,40,50,100,170,42.98
2012-11-28,55.19,-125,20,70,100,150,58.26
2012-12-05,75.71,-125,51,85,100,200,53.95
2012-12-12,82.91,0,51.5,80,100,200,40.87
2012-12-19,80.19,-100,62.5,81.5,100,200,49.81
2012-12-26,88.1,0,67,85,100,200,44.51
2013-01-02,75.98,-125,59.25,77.5,100,200,53.25
2013-01-09,83.27,-100,65,90,100,150,43.59
2013-01-16,84.67,-200,67.75,97.5,100,200,60.85
2013-01-23,86.38,-125,66,95,100,190,53.95
2013-01-30,104.25,60,85.25,97.5,110,180,32.24
2013-02-06,94.06,-2,75,100,100,190,40.08
2013-02-13,89.85,-2,80,99,100,162,38.39
2013-02-20,91.07,-10,70.25,99,102.25,160,38.08
2013-02-27,82.77,-35,55,89.5,107.38,160,48.4
2013-03-06,90.15,-50,71,97,100,170,40.09
2013-03-13,85.64,0,68,95,100,170,42.82
2013-03-20,79.77,0,68,80,100,150,32.61
2013-03-27,80.06,0,55,87,100,170,40.66
2013-04-03,72.71,-125,56.25,87.5,100,170,61.57
2013-04-10,77.25,-125,56.25,84.5,100,170,52.12
2013-04-17,69.63,-125,50,80,100,170,53.35
2013-04-24,69.9,-125,50,70,100,200,58.8
2013-05-01,80.61,0,55,75,100,165,37.94
2013-05-08,79.11,-125,71.5,95,100,165,54.93
2013-05-15,84.23,-2,65,95,100,166,35.52
2013-05-22,82.02,-125,71,92.5,100,166,47.22
2013-05-29,77.19,-125,62.5,95,100,155,58.2
2013-06-05,51.58,-125,30,50,90,200,58.97
2013-06-12,61.9,-125,41,60,98.69,200,54.21
2013-06-19,51.53,-125,30,50,90,130,49.42
2013-06-26,34.21,-125,19.75,37.5,52.25,150,49.3
2013-07-03,39.91,-50,20,40,59,100,35.22
2013-07-10,47.08,-125,23.75,47.5,90,200,55.88
2013-07-17,61.73,-125,50,78.5,100,107.5,53.11
2013-07-24,87.5,15,75,95,100,200,33.44
2013-07-31,74.05,-125,64.5,95,100,150,54.48
2013-08-07,75.7,20,50,75,97.5,150,30.24
2013-08-14,69.85,-70,50,70.5,88.75,200,42.7
2013-08-21,34.76,-100,31,50,60,125,56.53
2013-08-28,46.92,-100,40,50,77.25,125,45.74
2013-09-04,42.26,-100,30,50,69.5,100,44.32
2013-09-11,66.75,0,43.75,67.5,96.25,125,31.1
2013-09-18,62.48,0,42.5,70,95,100,32.05
2013-09-25,80.47,-100,55,100,100,150,48.28
2013-10-02,73.13,-150,52.5,92.5,100,150,55.27
2013-10-09,54.26,-125,45,50,97.5,150,64.65
2013-10-16,82.05,5,56.25,100,100,130,30.4
2013-10-23,79.37,-100,64,95,100,150,46.05
2013-10-30,94.59,-5,87.5,100,100,150,29.66
2013-11-06,84.81,0,62,100,100,150,29.76
2013-11-13,80.67,-100,72.5,98,100,150,53.72
2013-11-20,87.43,-100,73.25,100,100,150,47.32
2013-11-27,101.45,50,95,100,106.56,163,26.85
2013-12-04,94.75,0,87.25,100,100,163,30.23
2013-12-11,100.69,0,86.5,100,118.97,165,35.63
2013-12-18,94.35,0,89.75,100,100,165,29.56
2013-12-26,98.94,50,95,100,100,165,25.49
2014-01-02,95.03,25,90.5,100,100,165,29.44
2014-01-08,92.27,0,91,100,100,170,36.87
2014-01-15,96.83,15,95,100,100,170,33.54
2014-01-22,95.13,10,86,100,100,170,33.28
2014-01-29,70.94,-125,65,82,100,120,48.68
2014-02-05,50.97,-125,31.25,55,80,135,48.9
2014-02-12,73.26,-125,60,80,100,150,50.46
2014-02-19,75.95,-125,60,80,100,200,53.89
2014-02-26,91.62,40,77.5,90,100,200,32.17
2014-03-05,89.06,15,76.25,97.8,100,162,28.18
2014-03-12,85.2,-50,71.5,94.78,100,160,38.59
2014-03-18,67.77,-200,57.5,80,100,200,62.43
2014-03-19,89.84,0,70,97,100,200,38.47
2014-03-26,91.12,30,71.25,95.5,100,175,30.02
2014-04-02,91.43,-50,65,85,100,200,44.19
2014-04-09,85.21,0,66,90,100,150,31.32
2014-04-16,75.92,0,55,75,100,167,35.61
2014-04-23,76.58,-50,60,80,100,167,35.38
2014-04-30,82.63,-50,59.25,85,100,210,45.8
2014-05-07,76.81,-9,50,78,100,177,37.4
2014-05-14,78.18,0,58.75,81.5,100,177,30.36
2014-05-21,67.23,-125,50,75,100,177,46.93
2014-05-28,72.52,-125,52.75,87.5,100,200,56.38
2014-06-04,90.86,0,67.5,90,100,200,42.35
2014-06-11,87.3,0,70,95,100,200,38.37
2014-06-18,88.59,-50,68.75,97.5,100,200,44.31
2014-06-25,88.15,-100,70,100,109.48,200,60.45
2014-07-02,85.48,-50,67,95,100,200,47.5
2014-07-09,82.47,0,64.5,100,100,150,35.06
2014-07-16,81.91,-50,67.75,97.5,100,150,44.72
2014-07-23,82.75,-50,70,91.5,100,170,39.31
2014-07-30,81.62,-50,70,89,100,150,34.47
2014-08-06,50.87,-125,35,50,80,200,51.8
2014-08-13,50.61,-125,27.25,62.5,82.25,100,45.92
2014-08-20,56.77,-125,29.25,68,85.19,200,62.56
2014-08-27,78.84,-50,61.25,86.5,100,200,47.66
2014-09-03,82.49,-100,55.5,80,100,202.2,59.21
2014-09-10,63.63,-125,46.25,75,95,200,57.33
2014-09-17,67.08,-125,50,75,95,200,49.13
2014-09-24,59.76,-125,50,66,91.73,200,55.54
2014-10-01,41.03,-125,14,50,83.75,200,66.81
2014-10-08,33.14,-150,17.75,50,63.75,200,66.57
2014-10-15,9.97,-200,0,30,50,85,67.69
2014-10-22,41.38,-200,10,50,81,150,62.31
2014-10-29,74.78,-125,50,80,96,200,65.53
2014-11-05,77.68,-125,60,80,100,200,62.91
2014-11-12,85.43,-125,65.5,86.5,100,200,59.75
2014-11-19,72.06,-125,52.5,77.5,99.04,200,54.69
2014-11-25,86.78,-200,80,100,107.86,200,64.44
2014-12-03,86.06,-100,70,90,100,200,53.37
2014-12-10,89.01,-100,70,99,100,200,52.55
2014-12-17,65.12,-125,50,80,99.5,200,61.82
2014-12-24,90.59,0,75,95,100,180,32.71
2014-12-31,95.86,0,72.5,100,103.26,200,43.31
2015-01-07,71.11,-200,62.5,85,100,200,73.52
2015-01-14,87.13,-50,66.25,84,100,200,53.38
2015-01-21,89.01,-100,70,99,100,200,52.55
2015-01-28,92.62,0,72.5,95,100,200,39.2
2015-02-04,88.24,0,72.5,95.13,100,200,44.06
2015-02-11,84.05,0,68,93.5,100,200,37.01
2015-02-18,87.81,0,73.75,92,100,200,42.56
2015-02-25,99.23,-50,81,100,107.75,200,45.4
2015-03-04,92.15,-50,76.25,98.5,100,200,48.21
2015-03-11,65.68,-200,40.25,74.5,98.75,200,67.38
2015-03-25,84.32,0,72.5,90,100,175,30.96
2015-04-01,75.86,-100,71.25,85,100,200,54.5
2015-04-08,86.73,0,80,95,100,150,28.29
2015-04-15,86.67,0,77.5,94,100,200,40.54
2015-04-22,75.88,-200,69.75,90,100,165,59.57
2015-04-29,90.6,0,80,100,100,200,34.27
2015-05-06,80.3,-50,63,87,100,200,56.96
2015-05-13,60.38,-150,50,82.98,97,100,54.76
2015-05-20,67.61,-150,50,80,100,200,55.76
2015-05-27,65.5,-150,50,80,100,200,59.14
2015-06-03,71.07,-150,63.65,81,100,200,58.57
2015-06-10,68.7,-150,50,86,100,200,58.29
2015-06-17,58.64,-150,45,75,89.87,100,51.06
2015-06-24,58.96,-150,42,75,85.35,200,58.05
2015-07-01,54.84,-150,34.75,63.8,90,200,60.13
2015-07-08,54.99,-150,21.25,62.5,86.5,200,64.15
2015-07-15,52.24,-150,50,69,81.23,200,62.88
2015-07-22,52.34,-150,16.75,68.5,89.25,200,69.12
2015-07-29,50.75,-150,1.5,64,82.5,200,65.01
2015-08-05,63.17,-150,48.75,76,100,200,63.08
2015-08-12,48.08,-150,1.5,50,82,200,62.19
2015-08-19,41.48,-150,0,50,80.45,175,56.91
2015-08-26,28.31,-150,0,27.5,63.75,100,54.44
2015-09-02,23.85,-100,0,19.5,51.04,150,45.74
2015-09-09,26.04,-67,0,18,51.25,150,39.81
2015-09-16,31.57,-100,0,25,55,150,43.81
2015-09-23,21.34,-100,0,19,48.6,150,51.72
2015-09-30,16.39,-150,0,25,38.5,200,58.08
2015-10-07,38.3,-50,0,22,70,200,56.83
2015-10-14,44.27,-100,0,27.5,83.75,200,67.17
2015-10-21,35.67,-50,0,33,60,150,45.35
2015-10-28,56.71,-100,25,50,95,200,57.37
2015-11-04,69.16,-100,50,75,99.75,200,51.18
2015-11-11,68.58,-50,50,75,97.9,200,53.11
2015-11-18,58.47,-100,48.3,63,95,200,58.42
2015-11-25,70.45,-50,56,74.4,95,150,34.74
2015-12-02,68.12,-50,40.25,75,100,200,53.48
2015-12-09,67.92,-36,30,80,100,200,49.78
2015-12-16,61.32,-150,28,70,92.5,200,64.68
2015-12-23,56.66,-150,47,66,95,200,58.63
2015-12-30,47.67,-150,18.75,60,80,200,60.95
2016-01-06,50.26,-150,6.25,57.5,83.75,200,66.59
2016-01-13,34.5,-150,5,50,69.2,200,64.93
2016-01-27,42.25,0,0,38,62.75,150,41.41
2016-02-03,22.41,-50,0,5,49.5,100,31.78
2016-02-10,32.87,-100,0,27.5,50,200,53.13
2016-02-17,41.05,-9,0,45,65,150,38.55
2016-02-24,31.65,-100,0,34.4,59,200,57.39
2016-03-02,54.44,-100,25,50,90,200,56.22
2016-03-09,51.01,-50,20.5,50,75,200,49.35
2016-03-16,62.72,-50,33.5,62.5,97.5,200,47.47
2016-03-23,59.59,-100,32.62,62.5,98.75,200,55.94
2016-03-30,67.94,-100,46.25,67.5,100,200,51.17
2016-04-06,73.21,-50,50,71.25,100,200,44.99
2016-04-13,63.97,-100,50,67,100,200,52.27
2016-04-20,82.5,-100,57.5,95,100,200,59.27
2016-04-27,74.19,-50,45.8,87.5,100,200,56.06
2016-05-04,67.66,-100,33,82.5,100,200,63.56
2016-05-11,49.55,-100,7,60,98.75,150,60.33
2016-05-18,60.17,-150,38.05,77.5,100,200,66.03
2016-05-25,64.67,-150,25.75,77.5,100,200,65.84
2016-06-01,68.94,-150,53.75,87.5,100,200,58.2
2016-06-08,74.8,-150,60,95,100,200,67.61
2016-06-15,75.96,-150,50,99,100,200,74.11
2016-06-22,69.35,-150,39.9,95,100,200,73.15
2016-06-29,74.52,-150,64,80,100,200,61.15
2016-07-06,65.43,-100,50,72,100,155,59.46
2016-07-13,96.52,-100,80,100,100,200,55.47
2016-07-20,92.64,-50,70,98,100,200,47.64
2016-07-27,101.02,0,87.5,100,100,200,38.76
2016-08-03,93.05,0,70,95,100,200,40.9
2016-08-10,92.86,0,75,95,100,200,44.68
2016-08-17,98.79,36.8,77.5,100,100,200,38.35
2016-08-24,97.8,0,76,100,100,200,52.85
2016-08-31,88.1,-50,71,100,100,200,50.59
2016-09-07,90.85,-20,73.2,100,100,200,45.87
2016-09-14,68.55,-100,37.25,96.75,100,200,74.81
2016-09-21,79.31,-50,69,93.5,100,185,53.63
2016-09-28,84.52,-50,69.25,94.25,100,200,48.9
2016-10-05,78.49,-50,65,95,100,200,61.21
2016-10-12,86.53,-100,70.5,90,100,200,57.79
2016-10-19,63.7,-150,45,90,100,200,79.94
2016-10-26,66.47,-150,50,90,100,200,73.2
2016-11-02,58.08,-150,29,77.5,100,200,81.97
2016-11-09,72.96,-150,45,95,100,200,70.25
2016-11-15,83.42,-50,67.5,98.5,100,200,45.03
2016-11-23,86.56,5,69,91.75,100,150,31.9
2016-11-30,98.02,5,87.5,100,100,200,33.81
2016-12-07,101.6,0,90,100,100,200,44.57
2016-12-14,96.23,-50,75.75,99.5,100,200,51.23
2016-12-21,101.33,30,90,100,100,200,31.32
2016-12-28,100.6,25,81.25,99,100,200,40.56
2017-01-04,99.43,0,82.5,100,102.5,200,41.37
2017-01-11,89.29,0,69,93.5,100,200,36.19
2017-01-18,94.09,0,85,100,100,200,37.74
2017-01-25,99.28,0,80,99,100,200,38.13
2017-02-01,94.02,0,80,100,100,200,35.21
2017-02-08,96.26,0,80.25,100,100,200,37.2
2017-02-15,95.89,0,83.75,100,100,200,46.4
2017-02-22,100.83,0,85,100,100,200,47.31
2017-03-01,102.07,0,95,100,100,200,40.98
2017-03-08,87.09,0,65,99,100,177,33.99
2017-03-15,80.77,-25,57.5,87.5,100,175,44.97
2017-03-22,68.68,-100,50,82,100,150,49.66
2017-03-29,68.28,-150,52.5,85,100,200,64.36
2017-04-05,71.02,-150,52.5,85,100,200,64.78
2017-04-12,82.95,-150,77.5,100,100,200,65.17
2017-04-19,74.2,-150,70,97,100,175,59.96
2017-04-26,88.09,-150,77,100,100,200,59.38
2017-05-03,82.31,0,75,96,100,200,43.62
2017-05-10,95.2,0,78,95,100,200,45.4
2017-05-17,94.62,-100,82,100,100,200,57
2017-05-24,97.49,0,83.75,100,100,200,43.07
2017-05-31,95.86,0,74,95,100,200,48.39
2017-06-07,92.1,0,78.75,89,100,200,40.95
2017-06-14,93.37,0,85,95,100,200,37.4
2017-06-21,92.69,-50,84.5,100,100,200,46.29
2017-06-28,97.47,-50,85,100,100,200,51.63
2017-07-05,93.36,0,78,98,100,200,38.94
2017-07-12,90.99,0,85,99,100,175,32.99
2017-07-19,85.82,0,80,95,100,200,41.82
2017-07-26,96.39,0,85,100,100,200,50.26
2017-08-02,90.95,0,79,98,100,200,42.98
2017-08-09,83.82,0,60,90,100,200,42.6
2017-08-16,85.19,0,56.25,88,100,180,35.52
2017-08-23,87.93,0,62.5,85,100,190,41.2
2017-08-30,84.08,0,50,85,100,200,46.31
2017-09-06,88.66,0,66.5,90,100,200,52.28
2017-09-13,97.12,0,71.75,98.38,100,200,45.25
2017-09-20,102.04,40,77.5,95.5,100,200,42.84
2017-09-27,106.62,85,93,97,105,170,25.85
2017-10-04,109.2,80,88,100,115,175,29.22
2017-10-11,95.84,0,72.5,100,108.44,200,47.7
2017-10-18,95.38,0,85,100,100,175,38.42
2017-10-25,91.37,-100,66,100,100,200,64.26
2017-11-01,83.08,-100,61.25,90.5,100,200,57.91
2017-11-08,87.23,0,80,98,100,160,34.74
2017-11-15,78.51,-150,70,100,100,200,68.59
2017-11-22,88.37,0,85,95,100,133.75,27.31
2017-11-29,97.34,0,67.5,95,100,200,47.38
2017-12-06,89.84,-100,78.5,96.5,100,200,48.44
2017-12-13,120.56,75,95,100,130,200,44.56
2017-12-20,101.85,55,85,95,100,200,36.62
2017-12-27,96.29,0,87,100,100,200,34.64
2018-01-03,90.4,0,89.75,100,100,133.75,25.36
2018-01-10,88.88,0,87,95,100,133,25.4
2018-01-17,86.34,0,80,96.88,100,133,27.71
2018-01-24,95.38,0,95,100,100,175,29.33
2018-01-31,84.93,-100,74.5,98.75,100,200,53.07
2018-02-07,75.9,0,53.75,82,100,200,44.02
2018-02-14,65.43,-100,47,85,98.5,200,55.52
2018-02-21,62.69,-100,50,85,95.5,100,50.17
2018-02-28,81,0,64,84.5,100,200,34.54
2018-03-07,72.05,-100,50,84,100,200,53.35
2018-03-14,85.35,0,67.5,90,100,200,34.69
2018-03-21,77.28,-50,50,90,100,200,50.12
2018-03-28,49.36,-100,0,63.5,95,200,66.57
2018-04-04,55.57,-100,0,67,96,200,58.83
2018-04-11,65.12,0,45,65,97,200,48.61
2018-04-18,77.64,0,65,79,100,200,38.98
2018-04-25,64.2,-100,36.25,62.5,91.75,200,63.14
2018-05-02,52.56,-100,36.25,68,91.25,200,68.15
2018-05-09,69.82,0,50,62.5,96.5,200,39.55
2018-05-16,85.43,-100,77.5,93.5,100,200,54.33
2018-05-23,83.95,-100,70,90,100,200,53.99
2018-05-30,82.24,0,55,75,100,200,39.76
2018-06-06,91.67,11,70,90,100,200,34.51
2018-06-13,103.93,35,85,95.25,100,200,41.63
2018-06-20,89.2,0,80,95.25,100,200,34.5
2018-06-27,85.06,0,70,95.13,100,200,39
2018-07-04,76.38,0,53.75,72,99.5,200,46.74
2018-07-11,88.56,0,72.5,91,100,200,38.47
2018-07-18,82.01,0,62.5,87.5,100,200,38.82
2018-07-25,84.96,0,78.75,95,100,200,39.16
2018-08-01,76.36,0,50,77.5,100,200,40.45
2018-08-08,87.68,28,75,95,100,200,32.78
2018-08-15,78.27,0,52.5,80,100,200,38.94
2018-08-22,86.46,40,70,82.5,100,200,31.73
2018-08-29,98.3,30,80,100,100,200,38.53
2018-09-05,85.01,0,66.25,97.5,100,200,43.57
2018-09-12,90.19,20,75,97,100,200,37.62
2018-09-19,83.92,0,59.75,90,100,200,38.02
2018-09-26,90.73,0,65,90,100,200,44.58
2018-10-03,84.49,0,60.25,82.5,100,200,43.37
2018-10-10,52.86,-133,16.5,50,92.5,200,64.94
2018-10-18,67.76,-5,50,70,100,200,45.19
2018-10-24,51.49,-200,22.5,62.5,92.5,150,72.86
2018-10-31,61.47,0,45,62.5,85,130,38.96
2018-11-07,64.96,0,50,80,85,100,33.59
2018-11-14,35.13,-100,7,45,60,107,48.37
2018-11-21,30.55,-200,2.5,30,79,130,73.89
2018-11-28,53.21,0,19.25,50,92.81,120,39.99
2018-12-05,61.96,-100,27.5,75,100,200,61.26
2018-12-12,55.51,0,2.5,49.5,94.44,200,50.14
2018-12-19,31.96,-100,0,18,62.5,200,63.86
2018-12-26,47.59,0,0,40,82.5,200,50.7
2019-01-02,59.43,-25,10,60,100,200,53.3
2019-01-09,66.8,0,6,70,99.5,200,60.63
2019-01-16,75.51,0,45,67.5,100,200,51.01
2019-01-23,72.84,-5,50,70,100,200,45.67
2019-01-30,76.33,0,52.5,80,100,200,46.03
2019-02-06,83.39,-8,60,92,100,200,42.17
2019-02-13,82.01,-20,60,85,100,200,40.51
2019-02-20,77.86,-20,57.5,80,98.5,200,46.58
2019-02-27,79.33,-24,50,80,96.43,200,48.78
2019-03-06,73.9,-30,52.5,83.5,98.75,200,51.87
2019-03-13,77.4,-30,52.5,88.5,100,200,50.84
2019-03-20,78.25,-50,62,90,100,200,57.44
2019-03-27,61.69,-50,38.75,72.5,100,200,58.85
2019-04-03,91.92,9,80,100,100,200,37.44
2019-04-10,88.9,-30,65,100,100,200,44.35
2019-04-17,93.37,40,82,100,100,200,29.9
2019-04-24,92.43,-30,90,100,100,200,38.32
2019-05-01,89.8,-30,72.5,90,100,200,43.11
2019-05-08,82.02,-150,89,95,100,200,63.69
2019-05-15,72.82,-100,64,87.5,100,200,54.45
2019-05-22,70.07,-50,64.25,80,99.69,100,38.76
2019-05-29,59.69,-200,46.5,75,100,200,76.66
2019-06-05,54.99,-150,50,68,92.5,134,57.55
2019-06-12,74.26,-30,52.5,81,99.69,150,36.67
2019-06-19,74.91,0,64.5,77.5,99.06,100,25.39
2019-06-26,72.28,-100,54.75,90,100,200,56.56
2019-07-03,79.36,-30,68.75,92.5,100,150,37.46
2019-07-10,87.34,0,68.75,95,100,200,35.63
2019-07-17,81.85,-100,80,98.75,100,200,53.98
2019-07-24,95.75,-20,90,100,100,200,37.93
2019-07-31,91.41,0,85,100,100,200,41.31
2019-08-07,56.59,-100,0,80,100,200,61.58
2019-08-14,58.08,-50,0,80,100,134,49.29
2019-08-21,70.18,-100,61,82.5,100,200,60.34
2019-08-28,59.99,-100,37.5,70,100,200,66.01
2019-09-04,56.15,-100,50,70,93.05,134,53.29
2019-09-11,75.76,-50,44.5,80,100,200,58.2
2019-09-18,77.09,-50,42.5,90,100,200,62.04
2019-09-25,64.85,-50,31.25,75,97.5,200,53.22
2019-10-02,57.39,-200,7.5,75,100,200,78.3
2019-10-09,57.32,-100,30,75,90,200,57.1
2019-10-16,57.08,-200,60,80,95.38,100,67.4
2019-10-23,65.67,-15,50,75,100,125,38.35
2019-10-30,88.94,-30,71.25,90,100,200,39.58
2019-11-06,92.26,0,78.5,94.38,100,200,35.5
2019-11-13,72.25,-30,52.5,85,100,200,49.68
2019-11-20,78.23,-30,70,100,100,200,52.05
2019-11-27,76.66,0,60,90,100,150,41.28
2019-12-04,77.8,-30,36,99,100,200,56.13
2019-12-11,78.71,-30,65,98.75,100,200,50.69
2019-12-18,98.9,13,94.38,100,100,200,35.82
2019-12-25,97.44,0,99.69,100,100,140,29.16
2020-01-01,86.99,17,75.75,100,100,137,32.42
2020-01-08,94.16,0,90.75,100,100,200,40.66
2020-01-15,89.47,0,75,100,100,150,37.35
2020-01-22,93.75,39,90,100,100,150,21.13
2020-01-29,77.07,-100,59,100,100,200,57.93
2020-02-05,62.49,-100,42.5,89.38,100,150,57.84
2020-02-12,86.08,0,72.5,100,100,200,37.59
2020-02-19,87.91,0,74,99.38,100,200,35.15
2020-02-26,65.03,-100,20,75,100,200,69.72
2020-03-04,29.03,-200,0,50,98.75,120,72.71
2020-03-11,16.59,-200,0,10,39,100,58.88
2020-03-18,10.65,-150,0,10,25,100,42.67
2020-03-25,25.87,-32,0,15,50,100,34.05
2020-04-01,23.67,-100,0,20.5,50,100,40.64
2020-04-08,26.74,-100,0,25,40,100,44.54
2020-04-15,28.71,-100,0,35,76,100,56.57
2020-04-22,45.34,-100,0,50,80,200,57.95
2020-04-29,78.55,-32,52.5,78,100,200,41.89
2020-05-06,67.95,0,47.5,66,85,200,41.07
2020-05-13,57.71,-9,20,50,76,200,49.3
2020-05-20,63.22,-50,50,65,83.75,200,51.08
2020-05-27,81.65,0,50,76,100,200,43.17
2020-06-03,91.6,-20,80.5,100,105.5,150,36.69
2020-06-10,77.48,-75,70,80,100,200,54.73
2020-06-17,88.25,11,74.25,94,100,200,37.33
2020-06-24,76.57,-15,50,75,100,200,43.91
2020-07-01,71.47,-50,55,80,100,200,52.64
2020-07-08,85.09,0,52,87.5,100,200,50.49
2020-07-15,90.53,0,61,100,100,200,49.38
2020-07-22,97.88,50,75.75,100,100,200,33.91
2020-07-29,97.44,17,87.25,100,100,200,36.13
2020-08-05,94.55,-5,87.5,100,100,200,49.4
2020-08-12,101.2,50,87.25,100,100,200,29.1
2020-08-19,100.13,0,83.75,100,100,200,42.31
2020-08-26,106.56,50,90,100,100,200,38.44
2020-09-02,94.71,50,76,100,100,200,35.47
2020-09-09,53.09,-100,0,63,98.75,200,60.47
2020-09-16,59.3,-100,0,65,100,200,71.73
2020-09-23,55.3,-200,0,62.5,100,200,82.7
2020-09-30,58.25,-100,0,65,100,200,62.62
2020-10-07,73.05,-100,57.5,81.25,100,200,63.41
2020-10-14,102.93,0,92.38,100,100,200,41.56
2020-10-21,87.07,-6,80,100,100,200,42.48
2020-10-28,77.87,0,50,80,100,200,49.64
2020-11-04,69.2,0,35,75,100,200,49.7
2020-11-11,96.3,0,70,100,137.5,200,50.26
2020-11-18,106.41,-12,93.19,100,107.5,200,44.54
2020-11-25,106.74,0,86.5,100,130,200,44.54
2020-12-02,103.17,0,90,100,100,200,38.9
2020-12-09,106.11,0,89.88,100,100,200,40.98
2020-12-16,101.47,0,88.75,100,116.13,200,42.33
2020-12-23,89.11,0,80,100,100,200,44.19
2020-12-30,82.97,0,65.25,88.25,100,200,47.07
2021-01-06,94.51,0,80,100,101.25,200,39.11
2021-01-13,106.76,50,89.81,100,107.5,200,39.85
2021-01-20,112.93,75,100,100,119.75,200,36.46
2021-01-27,83.51,-50,70,89.75,100,200,53.82
2021-02-03,79.15,0,50,89.75,100,200,50.88
2021-02-10,110.28,80,100,100,100,200,29.44
2021-02-17,108.32,0,89.81,100,122.5,200,44.76
2021-02-24,84.99,0,62.5,87.5,100,200,48.64
2021-03-03,65.37,-100,20,80,100,200,62.65
2021-03-10,48.62,-100,0,75,97.5,100,54.1
2021-03-17,78.55,0,80,95,100,100,33.98
2021-03-24,57.52,0,5,75,90,119.75,42.24
2021-03-31,52.02,0,0,80,100,100,47.49
2021-04-07,89.85,50,66,80,100,200,35.16
2021-04-14,96.57,0,80,100,100,200,39.59
2021-04-21,95.6,0,80.25,99,100,200,39.06
2021-04-28,103.72,0,85.38,100,105,200,43.65
2021-05-05,87.79,0,66.38,100,100,200,50
2021-05-12,46.86,-50,0,50,82.5,106.25,44.2
2021-05-19,44.21,0,6.25,45,71.25,110.75,35.25
2021-05-26,68.3,0,55,80,99.5,100,35.12
2021-06-02,82.27,0,60,100,100,150,35.83
2021-06-09,79.65,0,60,100,100,150,38.92
2021-06-16,98.52,50,80,100,103.88,200,34.16
2021-06-23,70.86,-50,57.5,80.38,100,130,42.79
2021-06-30,91.72,0,80.38,100,100,200,38.18
2021-07-07,82.54,0,52.5,87.88,100,200,42.66
2021-07-14,93.27,25,76.25,90,100,200,37.85
2021-07-21,71.04,0,50,77,100,200,48.75
2021-07-28,78.39,-50,72.75,92.5,100,150,43.07
2021-08-04,97.72,25,85,100,105.38,200,41.16
2021-08-11,97.55,25,80,100,102.69,200,38.54
2021-08-18,70.57,-50,35,90,100,200,58.22
2021-08-25,92.83,20,80,100,100,200,37.95
2021-09-01,93.95,25,81.31,100,100,200,39.24
2021-09-08,84.68,20,45,100,100,200,43.85
2021-09-15,87.02,0,60,100,100,200,47.86
2021-09-22,77.7,0,52.25,82.62,100,200,47.37
2021-09-29,55.02,-100,2.5,52.5,100,200,72.13
2021-10-06,68.6,0,25,60,100,200,51.09
2021-10-13,64.46,-100,47.5,82.5,100,115.25,52.37
2021-10-20,98.02,50,87.5,100,100,200,33.46
2021-10-27,103.35,65,85.06,100,100,200,33.03
2021-11-03,107.99,50,89,100,108.5,200,37.31
2021-11-10,103.69,15,97.25,100,109.25,200,43.41
2021-11-17,102.54,0,100,100,115.06,200,47.38
2021-11-24,103.14,0,97.5,100,112.44,200,46.63
2021-12-01,87.87,-17,60,100,100,200,59.91
2021-12-08,69.46,-100,48.5,100,100,200,78.33
2021-12-15,52.22,-100,11.5,50,100,200,61.89
2021-12-22,67.02,0,21.25,66.12,100,200,51.45
2021-12-29,85.71,0,61.25,100,100,150,38.94
2022-01-05,89.54,0,78.62,100,100,200,42
2022-01-12,74.78,-150,80,100,100,150,66.02
2022-01-19,56.73,-125,20,75,91.25,200,76.22
2022-01-26,53.39,-100,0,70,100,200,66.22
2022-02-02,62.54,0,20,60,90,200,49.17
2022-02-09,66.8,0,37.5,85,100,121.25,40.53
2022-02-16,53.49,-200,30,65,80,200,72.38
2022-02-23,44.41,-150,0,47,85,200,71.64
2022-03-02,30.3,-200,0,50,75,100,72.26
2022-03-09,42.58,-200,10,50,80,200,70.96
2022-03-16,46.68,-100,0,50,85,200,60.48
2022-03-23,52.69,-150,30,70,100,125,65.23
2022-03-30,79.72,40,62.5,80,100,105,21.67
2022-04-06,83.41,22,55,80,98.94,200,40.35
2022-04-13,63.29,-8,50,75,86.75,100,31.86
2022-04-20,74.05,16,50,80,93.75,112,28.88
2022-04-27,46.25,-100,5,50,73.38,200,69.22
2022-05-04,31.76,-70,0,20,72.5,100,45.33
2022-05-11,24.31,-100,0,4,50,200,58.81
2022-05-18,19.51,-100,0,0,50,86.75,44.74
2022-05-25,33.19,0,0,13.5,66.25,100,35.08
2022-06-01,34.33,-200,0,50,85.88,100,74.08
2022-06-08,50,0,0.02,50,93,100,43.01
2022-06-15,32.18,-22,0,15,50,200,50.59
2022-06-22,19.86,-100,0,0,50,200,59.84
2022-06-29,30.66,-25,0,1.25,50,200,51.78
2022-07-06,27.85,-100,0,10,65,200,62.05
2022-07-13,26.74,-100,0,1.25,50,200,58.93
2022-07-20,44.48,-53,2.19,45,75,200,51.59
2022-07-27,47.21,-7,4.06,35,82.5,200,50.16
2022-08-03,55.28,-10,10,40,95,200,53.21
2022-08-10,71.59,-50,35.62,75,100,200,54.24
2022-08-17,64.44,-50,35,50,100,200,54.27
2022-08-24,54.86,-100,20,50,92.5,200,59.7
2022-08-31,32.36,-100,0,30,56.25,200,60.43
2022-09-07,27.33,-122,0,31,50,200,60.04
2022-09-14,33.86,-122,0,40,77.5,200,70.46
2022-09-21,29.59,-100,0,20,54,200,60.97
2022-09-28,12.61,-150,0,9.62,40,200,66.88
2022-10-05,38.11,-80,0,40,75,200,58.96
2022-10-12,19.84,-100,0,5,47.5,200,59.65
2022-10-19,43.28,-40,0,42,65,200,55.43
2022-10-26,53.91,-50,23.75,50,76.25,200,54.08
2022-11-02,55.22,-100,38,60,90,200,59.48
2022-11-09,53.33,-100,42.5,52.5,86.25,200,54.63
2022-11-16,64.96,-100,45,70,100,200,60.66
2022-11-23,60.29,-100,50,70,100,200,56.55
2022-11-30,64.36,-25,36.25,67.5,100,200,50.1
2022-12-07,55.69,-0.08,0,60,85,200,50.27
2022-12-14,71.6,-0.09,45,70,100,200,48.94
2022-12-21,39.35,-100,15.75,30.62,54.5,200,53.8
2022-12-28,43.48,-0.13,4,30.62,55,200,46.68
2023-01-04,38.79,-50,0.07,30.62,71.25,200,53.9
2023-01-11,45.31,-25,25,50,60,160,39.74
2023-01-18,65.07,-60,31.25,50,100,200,58.85
2023-01-25,75.23,-25,50,76,100,200,45.01
2023-02-01,78.37,-25,50,90,100,200,44.29
2023-02-08,85.4,0.8,69.5,94,100,200,44.25
2023-02-15,81.43,-50,65,75,100,200,47.28
2023-02-22,57.09,-200,45.31,66,100,200,71.14
2023-03-01,47.41,-175,23.12,50,75,200,69.32
2023-03-08,60.11,-150,40,60,100,200,63.44
2023-03-15,41.92,-150,0,55,70,200,66.69
2023-03-22,53.21,-100,26.56,56.5,91.25,200,57.12
2023-03-29,65.15,-50,28.94,72.5,100,200,49.69
2023-04-05,72.89,-50,50,80,100,200,45.38
2023-04-12,58.71,-150,44.5,70,95,200,64.83
2023-04-19,78.26,0,50,75,100,200,39.61
2023-04-26,50.81,-50,12.75,60,78.25,200,56.93
2023-05-03,67.01,0,40.62,67,80,200,43.05
2023-05-10,65.22,-50,35.62,68,100,200,50.84
2023-05-17,59,-50,35.62,60,87.5,200,48.49
2023-05-24,65.51,0,29.69,65,88.75,200,52.21
2023-05-31,53.92,-100,5.38,59,93.25,200,59.12
2023-06-07,90.07,31.25,62,87,107.5,200,40.46
2023-06-14,81.66,-50,50,80,100,200,56.21
2023-06-21,83.6,0,70.5,85,100,200,45.51
2023-06-28,75.93,-50,50,77.5,100,200,54.14
2023-07-05,83.11,-50,63.75,85,100,200,50.49
2023-07-12,93.34,0.15,72.5,100,100,200,44.26
2023-07-19,99.05,0.75,75,100,110,200,44.69
2023-07-26,101.82,31.25,80,100,100,200,36.34
2023-08-02,78.46,-200,74.75,86.5,100,200,72.74
2023-08-09,65.49,-100,25.62,75,100,200,63.43
2023-08-16,59.87,-100,10,75,100,200,67.22
2023-08-23,34.36,-200,0,55,76,200,79.38
2023-08-30,61.19,-200,50,75,89,200,63.6
2023-09-06,49.73,-200,26.56,60,80,200,70.89
2023-09-13,57.98,-200,50,73,88,200,64.01
2023-09-20,54.33,-50,0.04,69.5,86.75,200,53.81
2023-09-27,43.01,-150,0,60,75,200,60.53
2023-10-04,36.21,-150,0,50,75,200,74.3
2023-10-11,45.8,-200,0.1,60,81.5,200,70.16
2023-10-18,66.67,-50,35.62,60,77,200,60.7
2023-10-25,24.82,-200,0,40,70,200,73.54
2023-11-01,29.17,-200,0,40,75,200,71.18
2023-11-08,61.76,0,22.5,50,82,200,52.63
2023-11-15,72.06,-200,60,78,100,200,70.6
2023-11-22,77.95,-200,71,85,100,200,68.56
2023-11-29,81.38,-200,80,95,100,200,64.95
2023-12-06,76.09,-200,80,91.5,100,200,71.14
2023-12-13,77.97,-200,77.5,95,100,200,69.78
2023-12-20,97.32,1,81.5,100,100,200,49.87
2023-12-27,102.71,0,85.5,100,100,200,48.43
2024-01-03,70.95,-200,52.5,85,100,200,68.19
2024-01-10,80.18,0,54.75,89,100,200,43.94
2024-01-17,53.54,-200,30,80,97.5,200,71.66
2024-01-24,84.13,-200,80,95,100,200,70.54
2024-01-31,87.36,-200,80,98.77,100,200,67.72
2024-02-07,93.77,0,80,95,100,200,40.52
2024-02-14,95.58,-50,84,100,100,200,42.93
2024-02-21,74.7,-200,72.25,100,100,200,87.34
2024-02-28,88.99,-200,80,99,100,200,63.8
2024-03-06,93.99,-50,85.5,100,100,200,43.54
2024-03-13,104.75,0,80,100,100,200,45.2
2024-03-20,93.22,-200,80,100,100,200,71.21
2024-03-27,103.88,50,91.5,100,100,200,31.21
2024-04-03,84.24,-200,81.25,100,100,200,68.21
2024-04-10,81.92,-200,78.5,90,100,200,65.73
2024-04-17,62.98,-200,41.5,80,100,200,71.42
2024-04-24,59.48,-200,0.15,87.5,100,200,70.79
2024-05-01,61.97,-200,40,80,100,200,76
2024-05-08,91.55,-100,76.25,100,100,200,59.39
2024-05-15,89.25,-200,80,100,100,200,71.74
2024-05-22,94.45,-200,88.75,100,110,200,72.54
2024-05-29,92.21,-200,75,95,122.65,200,78.96
2024-06-05,68.65,-200,70,90,100,200,90.94
2024-06-12,86.3,-50,62,95,100,200,56.33
2024-06-19,85.26,-200,79,99.48,101.25,200,74.87
2024-06-26,85.44,-100,64.75,96.98,100,200,58.35
2024-07-03,103.66,0,90,100,110,200,55.2
2024-07-10,93.84,-200,80,100,104.96,200,71.99
2024-07-17,87.94,-200,80,100,100,200,71.55
2024-07-24,76.7,-100,50,90,100,200,54.03
2024-07-31,83.93,-100,76,97,100,200,62.38
2024-08-07,75.33,-150,68.5,87.5,100,200,60.29
2024-08-14,56.57,-200,0.56,84.85,100,200,89.06
2024-08-21,74.68,-200,50,97,100,200,67.78
2024-08-28,81.34,-200,80,100,100,200,76.26
2024-09-04,70.65,-200,64.3,85,100,200,70.38
2024-09-11,71.93,-200,60,90,100,200,70.66
2024-09-18,87.46,-200,71.25,94.5,100,200,69.36
2024-09-25,86.64,-200,85,95,100,200,75.61
2024-10-02,86.93,-100,75,96.5,100,200,56.15
2024-10-09,90.26,-75,81.75,100,100,200,54.22
2024-10-16,81.68,-200,81.25,99,100,200,70.32
2024-10-23,79.13,-200,75,92,100,200,75.64
2024-10-30,82.53,-100,76.25,95,100,200,60.95
2024-11-06,88.31,-100,72.5,95,100,200,56.27
2024-11-13,91.6,-100,87.5,100,102.5,200,66.66
2024-11-20,91.33,-67,83.75,100,100,200,55.21
2024-11-27,98.93,0,91.5,100,111.25,200,44.97
2024-12-04,85.49,-100,82.75,97,100,200,65.58
2024-12-11,99.24,-75,89.5,100,100,200,50.55
2024-12-18,82.5,-100,60,100,100,200,55.02
2024-12-25,80.39,-200,75,95,100,200,72.16
2025-01-01,64.1,-200,61.5,93,100,200,90.01
2025-01-08,65.38,-100,20,80,100,200,55.05
2025-01-15,70.21,-100,37.25,92,100,200,58.09
2025-01-22,86.08,0,82.25,95,100,200,45.88
2025-01-29,68.28,-200,25.38,95,100,200,65.86
2025-02-05,84.91,-50,76.25,95,100,200,54.2
2025-02-12,75.62,-100,56.25,92,100,200,52.44
2025-02-19,91.48,-50,90,100,100,200,49.61
2025-02-26,87.87,0,58.25,95,100,200,51.43
2025-03-05,74.96,-200,50,90,100,200,69.74
2025-03-12,68.8,-200,34.38,88,100,200,70.47
2025-03-19,64.64,-66,0.45,80,100,200,53.55
2025-03-26,57.55,-100,0,80,100,143.61,54.17
2025-04-02,49.37,-200,0.75,60,99,200,83.68
2025-04-09,56.96,0,0,40,94,200,60.04
2025-04-16,35.16,-200,0,50,80,200,65.53
2025-04-23,40.67,-100,0,50,85,107.16,50.87
2025-04-30,59.92,-200,50,66,100,200,77.24
2025-05-07,81.06,-50,50,87.5,100,200,51.46
2025-05-14,70.56,-200,60,85,100,200,65.03
2025-05-21,80.87,-100,66.25,93,100,200,60.35
2025-05-28,88.41,-75,75,98.5,100,200,53.2
2025-06-04,81.62,-200,75,100,100,200,67.68
2025-06-11,82.66,-200,76.25,100,100,200,73.68
2025-06-18,94.09,-75,85,100,100,200,52.15
2025-06-25,81.41,-200,83.5,99,100,200,72.73
2025-07-02,99.3,-40,86.25,100,100,200,54.77
2025-07-09,86.28,-200,88.75,100,100,200,69.71
2025-07-16,83.69,-125,90,98,100,200,57.22
2025-07-23,81.07,-200,85.5,98,100,200,64.98
2025-07-30,76.85,-200,81.25,99,100,200,64.89
2025-08-06,96.26,0,90,100,100,200,35.96
2025-08-13,85.66,-200,90,100,100,200,69.55
2025-08-20,98.15,0,86,100,100,200,44.79
2025-08-27,92.94,0,90,100,100,200,44.7
2025-09-03,81.58,-200,85,100,100,200,63.56
2025-09-10,86.11,-200,90,100,100,200,71.06
2025-09-17,84.76,-200,90,100,100,200,71.96
2025-09-24,86.24,-100,80,100,100,200,66.77
2025-10-01,80.66,-200,81.5,100,100,200,71.13
2025-10-08,84.57,-200,86.5,100,100,200,69.27
2025-10-15,84.87,-100,77.5,100,100,200,50.98
2025-10-22,90.35,-100,83.75,100,100,200,52.1
2025-10-29,100.83,-100,96,100,110,200,55.36
2025-11-05,90.06,0,77.5,100,100,200,40.86
2025-11-12,87.87,0,68.25,100,100,200,39.42
2025-11-19,86.56,-100,76.25,100,100,200,51.59
2025-11-26,89.92,0,80,100,100,200,50.29
2025-12-03,98.57,0,88,100,100,200,47.59
2025-12-10,97.13,-50,87.25,100,100,200,45.89
2025-12-17,100.7,0,87.25,100,100,200,46.38
2025-12-24,95.08,0,97,100,100,200,49.27
2025-12-31,92.93,0,81.25,100,100,200,48.97
2026-01-07,97.72,0,85.25,100,100,200,50.86
2026-01-14,96.01,0,95,100,102.5,200,50.37
2026-01-21,88.46,-200,90,100,100,200,60.31
2026-01-28,92.58,0,80,100,100,200,46.41
2026-02-04,84.93,-200,80,99,100,200,64.57
2026-02-11,80.61,-200,80,100,100,200,63.52
2026-02-18,82.87,0,77.5,98,100,200,47.62
2026-02-25,74.93,-200,50,98,100,200,64.84
2026-03-04,79.29,0,45,98,100,200,49.98
2026-03-11,66.99,-200,50,88,100,200,62.78
2026-03-18,60.24,-200,0.79,90,100,200,68.13
2026-03-25,68.52,-0.14,31.75,82,100,200,47.03
2026-04-01,68.36,-100,37,82.5,100,200,55.64
2026-04-08,69.38,-0.04,37.5,74.5,100,200,51.31
2026-04-15,79.49,-200,50,90,100,200,68.87
2026-04-22,94.15,0,80,100,100,200,51.9
2026-04-29,93.79,-50,80,100,100,200,48.61
2026-05-06,96.67,0,87.5,100,100,200,43.28
2026-05-13,77.34,-200,78.75,99,100,200,68.17
2026-05-20,82.02,-100,69,96,100,200,55.01
2026-05-27,98.39,0,87.5,100,100,200,47.62
2026-06-03,86.82,-200,85.75,95,103.75,200,72.07
2026-06-10,79.27,-100,75,90,100,200,53.3
2026-06-17,92.83,-25,87.5,100,100,200,49.11
2026-06-24,98.59,0.2,85.5,99,100,200,43.91
2026-07-01,84.69,0,63.75,96.5,100,200,54.64
2026-07-08,82.95,-50,67.5,98,100,200,58.71
2026-07-15,95.64,-25,90,100,100,200,47.97
2026-07-22,84.02,-25,85,95.5,100,200,43.61
2026-07-29,79.7,0,60,90,100,200,48.99
